node_type,node_id,port_id,port_name,avg_tx_util,max_tx_util,avg_rx_util,max_rx_util,link_bw_mbps
Switch,6,1,S6-P1,3.4538747099767977,6.58,58.35749419953596,108.99,100000
Switch,6,2,S6-P2,1.0996787148594378,1.78,18.182289156626506,100.61,100000
Switch,6,3,S6-P3,1.089561752988048,1.78,18.037131474103585,100.61,100000
Switch,6,4,S6-P4,1.089561752988048,1.78,18.037131474103585,100.61,100000
Switch,6,5,S6-P5,1.0983132530120483,1.78,18.182128514056227,100.61,100000
Switch,6,6,S6-P6,100.37638051044084,108.99,5.746635730858468,6.24,100000
